data,temporada,competicao,fase,adversario,gols_pro,gols_contra,resultado,pontos,confronto,penaltis,treinador,adversario_g12,classico,internacional,fonte
2023-08-27,2023,Brasileirão,pontos corridos,Santos,2,0,V,3,,,Felipão,sim,nao,nao,Atlético (levantamento oficial até 29/08/2026)
2023-09-16,2023,Brasileirão,pontos corridos,Botafogo,1,0,V,3,,,Felipão,sim,nao,nao,Atlético (levantamento oficial até 29/08/2026)
2023-09-23,2023,Brasileirão,pontos corridos,Cuiabá,1,0,V,3,,,Felipão,nao,nao,nao,Atlético (levantamento oficial até 29/08/2026)
2023-10-08,2023,Brasileirão,pontos corridos,Coritiba,1,2,D,0,,,Felipão,nao,nao,nao,Atlético (levantamento oficial até 29/08/2026)
2023-10-22,2023,Brasileirão,pontos corridos,Cruzeiro,0,1,D,0,,,Felipão,sim,sim,nao,Atlético (levantamento oficial até 29/08/2026)
2023-10-28,2023,Brasileirão,pontos corridos,Fluminense,2,0,V,3,,,Felipão,sim,nao,nao,Atlético (levantamento oficial até 29/08/2026)
2023-11-01,2023,Brasileirão,pontos corridos,Fortaleza,3,1,V,3,,,Felipão,nao,nao,nao,Atlético (levantamento oficial até 29/08/2026)
2023-11-12,2023,Brasileirão,pontos corridos,Goiás,2,1,V,3,,,Felipão,nao,nao,nao,Atlético (levantamento oficial até 29/08/2026)
2023-11-26,2023,Brasileirão,pontos corridos,Grêmio,3,0,V,3,,,Felipão,sim,nao,nao,Atlético (levantamento oficial até 29/08/2026)
2024-01-28,2024,Mineiro,estadual (fase inicial),Democrata-GV,4,0,V,3,,,Felipão,nao,nao,nao,Atlético (levantamento oficial até 29/08/2026)
2024-02-03,2024,Mineiro,estadual (fase inicial),Cruzeiro,0,2,D,0,,,Felipão,sim,sim,nao,Atlético (levantamento oficial até 29/08/2026)
2024-02-14,2024,Mineiro,estadual (fase inicial),Tombense,1,1,E,1,,,Felipão,nao,nao,nao,Atlético (levantamento oficial até 29/08/2026)
2024-03-02,2024,Mineiro,estadual (fase inicial),Ipatinga,3,0,V,3,,,Felipão,nao,nao,nao,Atlético (levantamento oficial até 29/08/2026)
2024-03-09,2024,Mineiro,estadual mata-mata (semifinal ida),América-MG,2,0,V,3,,,Felipão,nao,nao,nao,Atlético (levantamento oficial até 29/08/2026)
2024-03-30,2024,Mineiro,estadual mata-mata (final ida),Cruzeiro,2,2,E,1,,,Gabriel Milito,sim,sim,nao,Atlético (levantamento oficial até 29/08/2026)
2024-04-10,2024,Libertadores,fase de grupos,Rosario Central,2,1,V,3,,,Gabriel Milito,nao,nao,sim,Atlético (levantamento oficial até 29/08/2026)
2024-04-17,2024,Brasileirão,pontos corridos,Criciúma,1,1,E,1,,,Gabriel Milito,nao,nao,nao,Atlético (levantamento oficial até 29/08/2026)
2024-04-20,2024,Brasileirão,pontos corridos,Cruzeiro,3,0,V,3,,,Gabriel Milito,sim,sim,nao,Atlético (levantamento oficial até 29/08/2026)
2024-04-23,2024,Libertadores,fase de grupos,Peñarol,3,2,V,3,,,Gabriel Milito,nao,nao,sim,Atlético (levantamento oficial até 29/08/2026)
2024-04-30,2024,Copa do Brasil,mata-mata ida,Sport,2,0,V,3,,,Gabriel Milito,nao,nao,nao,Atlético (levantamento oficial até 29/08/2026)
2024-05-28,2024,Libertadores,fase de grupos,Caracas,4,0,V,3,,,Gabriel Milito,nao,nao,sim,Atlético (levantamento oficial até 29/08/2026)
2024-06-02,2024,Brasileirão,pontos corridos,Bahia,1,1,E,1,,,Gabriel Milito,nao,nao,nao,Atlético (levantamento oficial até 29/08/2026)
2024-06-17,2024,Brasileirão,pontos corridos,Palmeiras,0,4,D,0,,,Gabriel Milito,sim,nao,nao,Atlético (levantamento oficial até 29/08/2026)
2024-06-23,2024,Brasileirão,pontos corridos,Fortaleza,1,1,E,1,,,Gabriel Milito,nao,nao,nao,Atlético (levantamento oficial até 29/08/2026)
2024-06-30,2024,Brasileirão,pontos corridos,Atlético-GO,1,1,E,1,,,Gabriel Milito,nao,nao,nao,Atlético (levantamento oficial até 29/08/2026)
2024-07-03,2024,Brasileirão,pontos corridos,Flamengo,2,4,D,0,,,Gabriel Milito,sim,nao,nao,Atlético (levantamento oficial até 29/08/2026)
2024-07-11,2024,Brasileirão,pontos corridos,São Paulo,2,1,V,3,,,Gabriel Milito,sim,nao,nao,Atlético (levantamento oficial até 29/08/2026)
2024-07-21,2024,Brasileirão,pontos corridos,Vasco,2,0,V,3,,,Gabriel Milito,sim,nao,nao,Atlético (levantamento oficial até 29/08/2026)
2024-07-28,2024,Brasileirão,pontos corridos,Corinthians,2,1,V,3,,,Gabriel Milito,sim,nao,nao,Atlético (levantamento oficial até 29/08/2026)
2024-08-07,2024,Copa do Brasil,mata-mata decisivo,CRB,3,0,V,3,avançou,,Gabriel Milito,nao,nao,nao,Atlético (levantamento oficial até 29/08/2026)
2024-08-17,2024,Brasileirão,pontos corridos,Cuiabá,1,1,E,1,,,Gabriel Milito,nao,nao,nao,Atlético (levantamento oficial até 29/08/2026)
2024-08-20,2024,Libertadores,mata-mata decisivo,San Lorenzo,1,0,V,3,avançou,,Gabriel Milito,nao,nao,sim,Atlético (levantamento oficial até 29/08/2026)
2024-09-12,2024,Copa do Brasil,mata-mata decisivo,São Paulo,0,0,E,1,avançou,,Gabriel Milito,sim,nao,nao,Atlético (levantamento oficial até 29/08/2026)
2024-09-22,2024,Brasileirão,pontos corridos,Bragantino,3,0,V,3,,,Gabriel Milito,nao,nao,nao,Atlético (levantamento oficial até 29/08/2026)
2024-09-25,2024,Libertadores,mata-mata decisivo,Fluminense,2,0,V,3,avançou,,Gabriel Milito,sim,nao,sim,Atlético (levantamento oficial até 29/08/2026)
2024-10-02,2024,Copa do Brasil,mata-mata ida,Vasco,2,1,V,3,,,Gabriel Milito,sim,nao,nao,Atlético (levantamento oficial até 29/08/2026)
2024-10-05,2024,Brasileirão,pontos corridos,Vitória,2,2,E,1,,,Gabriel Milito,nao,nao,nao,Atlético (levantamento oficial até 29/08/2026)
2024-10-09,2024,Brasileirão,pontos corridos,Grêmio,2,1,V,3,,,Gabriel Milito,sim,nao,nao,Atlético (levantamento oficial até 29/08/2026)
2024-10-22,2024,Libertadores,mata-mata ida,River Plate,3,0,V,3,,,Gabriel Milito,nao,nao,sim,Atlético (levantamento oficial até 29/08/2026)
2024-10-26,2024,Brasileirão,pontos corridos,Internacional,1,3,D,0,,,Gabriel Milito,sim,nao,nao,Atlético (levantamento oficial até 29/08/2026)
2024-11-10,2024,Copa do Brasil,mata-mata decisivo,Flamengo,0,1,D,0,eliminado (vice),,Gabriel Milito,sim,nao,nao,Atlético (levantamento oficial até 29/08/2026)
2024-12-08,2024,Brasileirão,pontos corridos,Athletico-PR,1,0,V,3,,,Lucas Gonçalves,nao,nao,nao,Atlético (levantamento oficial até 29/08/2026)
2025-05-11,2025,Brasileirão,pontos corridos,Fluminense,3,2,V,3,,,Cuca,sim,nao,nao,Atlético (levantamento oficial até 29/08/2026)
2025-05-15,2025,Sul-Americana,fase de grupos,Caracas,3,1,V,3,,,Cuca,nao,nao,sim,Atlético (levantamento oficial até 29/08/2026)
2025-05-21,2025,Copa do Brasil,mata-mata decisivo,Maringá,4,0,V,3,avançou,,Cuca,nao,nao,nao,Atlético (levantamento oficial até 29/08/2026)
2025-05-24,2025,Brasileirão,pontos corridos,Corinthians,0,0,E,1,,,Cuca,sim,nao,nao,Atlético (levantamento oficial até 29/08/2026)
2025-05-29,2025,Sul-Americana,fase de grupos,Cienciano,1,1,E,1,,,Cuca,nao,nao,sim,Atlético (levantamento oficial até 29/08/2026)
2025-06-12,2025,Brasileirão,pontos corridos,Internacional,2,0,V,3,,,Cuca,sim,nao,nao,Atlético (levantamento oficial até 29/08/2026)
2025-07-24,2025,Sul-Americana,mata-mata decisivo,Bucaramanga,0,1,D,0,avançou nos pênaltis,venceu,Cuca,nao,nao,sim,Atlético (levantamento oficial até 29/08/2026)
2025-08-03,2025,Brasileirão,pontos corridos,Bragantino,2,1,V,3,,,Cuca,nao,nao,nao,Atlético (levantamento oficial até 29/08/2026)
2025-08-06,2025,Copa do Brasil,mata-mata decisivo,Flamengo,0,1,D,0,avançou nos pênaltis,venceu,Cuca,sim,nao,nao,Atlético (levantamento oficial até 29/08/2026)
2025-08-14,2025,Sul-Americana,mata-mata ida,Godoy Cruz,2,1,V,3,,,Cuca,nao,nao,sim,Atlético (levantamento oficial até 29/08/2026)
2025-08-17,2025,Brasileirão,pontos corridos,Grêmio,1,3,D,0,,,Cuca,sim,nao,nao,Atlético (levantamento oficial até 29/08/2026)
2025-08-27,2025,Copa do Brasil,mata-mata ida,Cruzeiro,0,2,D,0,,,Cuca,sim,sim,nao,Atlético (levantamento oficial até 29/08/2026)
2025-09-14,2025,Brasileirão,pontos corridos,Santos,1,1,E,1,,,Jorge Sampaoli,sim,nao,nao,Atlético (levantamento oficial até 29/08/2026)
2025-09-24,2025,Sul-Americana,mata-mata decisivo,Bolívar,1,0,V,3,avançou,,Jorge Sampaoli,nao,nao,sim,Atlético (levantamento oficial até 29/08/2026)
2025-09-27,2025,Brasileirão,pontos corridos,Mirassol,1,0,V,3,,,Jorge Sampaoli,nao,nao,nao,Atlético (levantamento oficial até 29/08/2026)
2025-09-30,2025,Brasileirão,pontos corridos,Juventude,0,0,E,1,,,Jorge Sampaoli,nao,nao,nao,Atlético (levantamento oficial até 29/08/2026)
2025-10-08,2025,Brasileirão,pontos corridos,Sport,3,1,V,3,,,Jorge Sampaoli,nao,nao,nao,Atlético (levantamento oficial até 29/08/2026)
2025-10-15,2025,Brasileirão,pontos corridos,Cruzeiro,1,1,E,1,,,Jorge Sampaoli,sim,sim,nao,Atlético (levantamento oficial até 29/08/2026)
2025-10-25,2025,Brasileirão,pontos corridos,Ceará,1,0,V,3,,,Jorge Sampaoli,nao,nao,nao,Atlético (levantamento oficial até 29/08/2026)
2025-10-28,2025,Sul-Americana,mata-mata decisivo,Independiente del Valle,3,1,V,3,avançou,,Jorge Sampaoli,nao,nao,sim,Atlético (levantamento oficial até 29/08/2026)
2025-11-05,2025,Brasileirão,pontos corridos,Bahia,3,0,V,3,,,Jorge Sampaoli,nao,nao,nao,Atlético (levantamento oficial até 29/08/2026)
2025-11-12,2025,Brasileirão,pontos corridos,Fortaleza,3,3,E,1,,,Jorge Sampaoli,nao,nao,nao,Atlético (levantamento oficial até 29/08/2026)
2025-11-25,2025,Brasileirão,pontos corridos,Flamengo,1,1,E,1,,,Jorge Sampaoli,sim,nao,nao,Atlético (levantamento oficial até 29/08/2026)
2025-12-03,2025,Brasileirão,pontos corridos,Palmeiras,0,3,D,0,,,Jorge Sampaoli,sim,nao,nao,Atlético (levantamento oficial até 29/08/2026)
2025-12-07,2025,Brasileirão,pontos corridos,Vasco,5,0,V,3,,,Jorge Sampaoli,sim,nao,nao,Atlético (levantamento oficial até 29/08/2026)
2026-01-11,2026,Mineiro,estadual (fase inicial),Betim,1,1,E,1,,,Jorge Sampaoli,nao,nao,nao,Atlético (levantamento oficial até 29/08/2026)
2026-01-18,2026,Mineiro,estadual (fase inicial),Tombense,0,0,E,1,,,Jorge Sampaoli,nao,nao,nao,Atlético (levantamento oficial até 29/08/2026)
2026-01-25,2026,Mineiro,estadual (fase inicial),Cruzeiro,2,1,V,3,,,Jorge Sampaoli,sim,sim,nao,Atlético (levantamento oficial até 29/08/2026)
2026-01-28,2026,Brasileirão,pontos corridos,Palmeiras,2,2,E,1,,,Jorge Sampaoli,sim,nao,nao,Atlético (levantamento oficial até 29/08/2026)
2026-02-07,2026,Mineiro,estadual (fase inicial),Athletic,1,1,E,1,,,Jorge Sampaoli,nao,nao,nao,Atlético (levantamento oficial até 29/08/2026)
2026-02-11,2026,Brasileirão,pontos corridos,Remo,3,3,E,1,,,Jorge Sampaoli,nao,nao,nao,Atlético (levantamento oficial até 29/08/2026)
2026-02-22,2026,Mineiro,estadual mata-mata (semifinal),América-MG,1,1,E,1,,,Lucas Gonçalves,nao,nao,nao,Atlético (levantamento oficial até 29/08/2026)
2026-03-11,2026,Brasileirão,pontos corridos,Internacional,1,0,V,3,,,Eduardo Domínguez,sim,nao,nao,Atlético (levantamento oficial até 29/08/2026)
2026-03-18,2026,Brasileirão,pontos corridos,São Paulo,1,0,V,3,,,Eduardo Domínguez,sim,nao,nao,Atlético (levantamento oficial até 29/08/2026)
2026-04-05,2026,Brasileirão,pontos corridos,Athletico-PR,2,1,V,3,,,Eduardo Domínguez,nao,nao,nao,Atlético (levantamento oficial até 29/08/2026)
2026-04-16,2026,Sul-Americana,fase de grupos,Juventud,2,1,V,3,,,Eduardo Domínguez,nao,nao,sim,Atlético (levantamento oficial até 29/08/2026)
2026-04-23,2026,Copa do Brasil,mata-mata ida,Ceará,2,1,V,3,,,Eduardo Domínguez,nao,nao,nao,Atlético (levantamento oficial até 29/08/2026)
2026-04-26,2026,Brasileirão,pontos corridos,Flamengo,0,4,D,0,,,Eduardo Domínguez,sim,nao,nao,Atlético (levantamento oficial até 29/08/2026)
2026-05-10,2026,Brasileirão,pontos corridos,Botafogo,1,1,E,1,,,Eduardo Domínguez,sim,nao,nao,Atlético (levantamento oficial até 29/08/2026)
2026-05-16,2026,Brasileirão,pontos corridos,Mirassol,3,1,V,3,,,Eduardo Domínguez,nao,nao,nao,Atlético (levantamento oficial até 29/08/2026)
2026-05-21,2026,Sul-Americana,fase de grupos,Cienciano,2,0,V,3,,,Eduardo Domínguez,nao,nao,sim,Atlético (levantamento oficial até 29/08/2026)
2026-05-27,2026,Sul-Americana,fase de grupos,Academia Puerto Cabello,1,0,V,3,,,Eduardo Domínguez,nao,nao,sim,Atlético (levantamento oficial até 29/08/2026)
2026-07-21,2026,Brasileirão,pontos corridos,Bahia,1,1,E,1,,,Eduardo Domínguez,nao,nao,nao,Atlético (levantamento oficial até 29/08/2026)
2026-08-01,2026,Copa do Brasil,mata-mata ida,Juventude,0,0,E,1,,,Eduardo Domínguez,nao,nao,nao,Atlético (levantamento oficial até 29/08/2026)
2026-08-16,2026,Brasileirão,pontos corridos,Grêmio,3,0,V,3,,,Eduardo Domínguez,sim,nao,nao,Atlético (levantamento oficial até 29/08/2026)
2026-08-19,2026,Sul-Americana,mata-mata decisivo,Bragantino,2,2,E,1,avançou,,Eduardo Domínguez,nao,nao,sim,Atlético (levantamento oficial até 29/08/2026)
2026-08-29,2026,Brasileirão,pontos corridos,Vitória,2,1,V,3,,,Eduardo Domínguez,nao,nao,nao,Atlético (levantamento oficial até 29/08/2026)
2026-09-01,2026,Copa do Brasil,mata-mata decisivo,Cruzeiro,2,1,V,3,avançou,,Eduardo Domínguez,sim,sim,nao,imprensa e site do Atlético
2026-09-12,2026,Brasileirão,pontos corridos,Fluminense,3,1,V,3,,,Eduardo Domínguez,sim,nao,nao,imprensa e site do Atlético
2026-09-16,2026,Sul-Americana,mata-mata decisivo,Santos,4,2,V,3,avançou nos pênaltis,3 x 1,Eduardo Domínguez,sim,nao,sim,imprensa e site do Atlético
2026-09-19,2026,Brasileirão,pontos corridos,Chapecoense,1,1,E,1,,,Eduardo Domínguez,nao,nao,nao,imprensa e site do Atlético
