treinador,tipo,inicio,fim,fonte
Felipão,efetivo,2023-06-01,2024-03-20,saída oficializada em 20/03/2024
Lucas Gonçalves,interino,2024-03-21,2024-03-23,interino até o anúncio de Milito
Gabriel Milito,efetivo,2024-03-24,2024-12-04,anunciado em 24/03/2024; demitido em 04/12/2024
Lucas Gonçalves,interino,2024-12-05,2024-12-28,interino após Milito (confirmado: jogo de 08/12/2024)
Cuca,efetivo,2024-12-29,2025-08-29,anunciado em 29/12/2024; demitido em 29/08/2025
Lucas Gonçalves,interino,2025-08-30,2025-09-01,1 jogo (fora de casa)
Jorge Sampaoli,efetivo,2025-09-02,2026-02-12,anunciado em 02/09/2025; demitido em 12/02/2026
Lucas Gonçalves,interino,2026-02-13,2026-02-25,interino até Domínguez
Eduardo Domínguez,efetivo,2026-02-26,,
